数字,タイトル
1,ROMANCE DAWN-冒険の夜明け-
2,その男麦わらのルフィ
3,海賊狩りのゾロ登場
4,海軍大佐斧手のモーガン
5,海賊王と大剣豪
6,1人目
7,友達
8,ナミ登場
9,魔性の女
10,酒場の一件
11,敗走
12,犬
13,宝物
14,無謀っ!!
15,GONG
16,VERSUS!!バギー海賊団
17,格
18,海賊道化のバギー
19,悪魔の実
20,泥棒道
21,町
22,あんたが珍獣
23,キャプテン・ウソップ登場
24,偽れぬもの
25,ウソ800
26,キャプテン・クロの一計
27,筋
28,三日月
29,坂道
30,GREAT!!!
31,真実
32,大凶
33,音無き男
34,執事クラハドール
35,ネオ坂道
36,追え!!
37,百計のクロ
38,海賊団
39,誰が為に鐘が鳴る
40,ウソップ海賊団
41,海へ
42,ヨサクとジョニー
43,サンジ登場
44,三人のコック
45,嵐前
46,招かれざる客
47,海賊艦隊提督首領・クリーク
48,その航路、やめときな
49,嵐
50,己々が路
51,ロロノア・ゾロ海に散る
52,誓い
53,サバガシラ1号
54,パールさん
55,JUNGLE BLOOD
56,やなこった
57,夢在るがゆえ
58,クソジジイ
59,恩
60,ケジメ
61,鬼
62,M・H・5
63,死なねェよ
64,大戦槍
65,覚悟
66,噛み殺した槍
67,soup
68,4人目
69,アーロンパーク
70,男ウソップ大冒険
71,万物の霊長
72,分相応
73,偉大なる航路から来た怪物
74,仕事
75,海図と魚人
76,ねる
77,夢の一歩
78,ベルメールさん
79,生きる
80,罪は罪
81,涙
82,"OK,Let's STAND UP!"
83,ルフィ IN BLACK
84,ゾンビ
85,三刀流対六刀流
86,騎士道VS魚人空手
87,終わったんだ!!
88,死んで
89,交代
90,何ができる
91,DARTS
92,幸せ
93,下へまいります
94,2人目
95,まわれ風車
96,東一番の悪
97,三代鬼徹
98,暗雲
99,ルフィが死んだ
100,伝説は始まった