問題,答え,選択肢1,選択肢2,選択肢3,選択肢4
1話はどれ？,ROMANCE DAWN-冒険の夜明け-,万物の霊長,ROMANCE DAWN-冒険の夜明け-,ルフィが死んだ,M・H・5
2話はどれ？,その男麦わらのルフィ,その男麦わらのルフィ,M・H・5,やなこった,友達
3話はどれ？,海賊狩りのゾロ登場,男ウソップ大冒険,噛み殺した槍,海賊狩りのゾロ登場,下へまいります
4話はどれ？,海軍大佐斧手のモーガン,海軍大佐斧手のモーガン,海賊王と大剣豪,海図と魚人,soup
5話はどれ？,海賊王と大剣豪,サバガシラ1号,海賊王と大剣豪,キャプテン・クロの一計,サンジ登場
6話はどれ？,1人目,夢在るがゆえ,1人目,ねる,噛み殺した槍
7話はどれ？,友達,4人目,友達,キャプテン・ウソップ登場,VERSUS!!バギー海賊団
8話はどれ？,ナミ登場,ナミ登場,伝説は始まった,生きる,執事クラハドール
9話はどれ？,魔性の女,誰が為に鐘が鳴る,魔性の女,海賊道化のバギー,GONG
10話はどれ？,酒場の一件,やなこった,酒場の一件,鬼,三人のコック
11話はどれ？,敗走,坂道,格,敗走,死んで
12話はどれ？,犬,己々が路,夢在るがゆえ,分相応,生きる
13話はどれ？,宝物,ネオ坂道,宝物,クソジジイ,三刀流対六刀流
14話はどれ？,無謀っ!!,招かれざる客,無謀っ!!,悪魔の実,GONG
15話はどれ？,GONG,海軍大佐斧手のモーガン,その航路、やめときな,GONG,音無き男
16話はどれ？,VERSUS!!バギー海賊団,ケジメ,恩,VERSUS!!バギー海賊団,己々が路
17話はどれ？,格,格,海賊団,海へ,キャプテン・クロの一計
18話はどれ？,海賊道化のバギー,2人目,敗走,海賊道化のバギー,ロロノア・ゾロ海に散る
19話はどれ？,悪魔の実,悪魔の実,生きる,ヨサクとジョニー,魔性の女
20話はどれ？,泥棒道,涙,鬼,格,泥棒道
21話はどれ？,町,暗雲,キャプテン・ウソップ登場,町,GREAT!!!
22話はどれ？,あんたが珍獣,格,下へまいります,ベルメールさん,あんたが珍獣
23話はどれ？,キャプテン・ウソップ登場,大戦槍,夢の一歩,M・H・5,キャプテン・ウソップ登場
24話はどれ？,偽れぬもの,交代,2人目,偽れぬもの,誓い
25話はどれ？,ウソ800,悪魔の実,ウソ800,三人のコック,海賊道化のバギー
26話はどれ？,キャプテン・クロの一計,敗走,宝物,キャプテン・クロの一計,嵐
27話はどれ？,筋,筋,執事クラハドール,ケジメ,百計のクロ
28話はどれ？,三日月,覚悟,三日月,死んで,大戦槍
29話はどれ？,坂道,坂道,GREAT!!!,坂道,サバガシラ1号
30話はどれ？,GREAT!!!,ウソ800,GREAT!!!,終わったんだ!!,罪は罪
31話はどれ？,真実,海賊王と大剣豪,真実,無謀っ!!,ルフィ IN BLACK
32話はどれ？,大凶,偽れぬもの,soup,大戦槍,大凶
33話はどれ？,音無き男,百計のクロ,音無き男,嵐,ネオ坂道
34話はどれ？,執事クラハドール,無謀っ!!,執事クラハドール,ロロノア・ゾロ海に散る,死なねェよ
35話はどれ？,ネオ坂道,分相応,ケジメ,その男麦わらのルフィ,ネオ坂道
36話はどれ？,追え!!,ベルメールさん,ゾンビ,その航路、やめときな,追え!!
37話はどれ？,百計のクロ,百計のクロ,町,伝説は始まった,ヨサクとジョニー
38話はどれ？,海賊団,ヨサクとジョニー,死なねェよ,海賊団,海賊王と大剣豪
39話はどれ？,誰が為に鐘が鳴る,誰が為に鐘が鳴る,坂道,招かれざる客,海図と魚人
40話はどれ？,ウソップ海賊団,海図と魚人,ウソップ海賊団,真実,海賊艦隊提督首領・クリーク
41話はどれ？,海へ,三日月,海賊艦隊提督首領・クリーク,海へ,坂道
42話はどれ？,ヨサクとジョニー,罪は罪,サンジ登場,ヨサクとジョニー,犬
43話はどれ？,サンジ登場,サンジ登場,海賊道化のバギー,4人目,分相応
44話はどれ？,三人のコック,騎士道VS魚人空手,三人のコック,誰が為に鐘が鳴る,アーロンパーク
45話はどれ？,嵐前,死なねェよ,偽れぬもの,DARTS,嵐前
46話はどれ？,招かれざる客,偉大なる航路から来た怪物,罪は罪,招かれざる客,無謀っ!!
47話はどれ？,海賊艦隊提督首領・クリーク,その男麦わらのルフィ,海賊艦隊提督首領・クリーク,あんたが珍獣,ベルメールさん
48話はどれ？,その航路、やめときな,伝説は始まった,その航路、やめときな,泥棒道,幸せ
49話はどれ？,嵐,嵐,大凶,仕事,偽れぬもの
50話はどれ？,己々が路,筋,己々が路,追え!!,あんたが珍獣
51話はどれ？,ロロノア・ゾロ海に散る,犬,幸せ,交代,ロロノア・ゾロ海に散る
52話はどれ？,誓い,誓い,己々が路,酒場の一件,悪魔の実
53話はどれ？,サバガシラ1号,サバガシラ1号,追え!!,下へまいります,何ができる
54話はどれ？,パールさん,嵐,ロロノア・ゾロ海に散る,三代鬼徹,パールさん
55話はどれ？,JUNGLE BLOOD,嵐前,JUNGLE BLOOD,万物の霊長,東一番の悪
56話はどれ？,やなこった,アーロンパーク,4人目,暗雲,やなこった
57話はどれ？,夢在るがゆえ,音無き男,夢在るがゆえ,ウソップ海賊団,海賊団
58話はどれ？,クソジジイ,海賊道化のバギー,真実,筋,クソジジイ
59話はどれ？,恩,死んで,恩,魔性の女,まわれ風車
60話はどれ？,ケジメ,ケジメ,パールさん,騎士道VS魚人空手,覚悟
61話はどれ？,鬼,GREAT!!!,交代,鬼,男ウソップ大冒険
62話はどれ？,M・H・5,鬼,M・H・5,音無き男,泥棒道
63話はどれ？,死なねェよ,DARTS,JUNGLE BLOOD,偉大なる航路から来た怪物,死なねェよ
64話はどれ？,大戦槍,生きる,大戦槍,海賊団,夢の一歩
65話はどれ？,覚悟,友達,分相応,覚悟,ケジメ
66話はどれ？,噛み殺した槍,"OK,Let's STAND UP!",誓い,噛み殺した槍,4人目
67話はどれ？,soup,soup,終わったんだ!!,噛み殺した槍,ルフィが死んだ
68話はどれ？,4人目,4人目,暗雲,サンジ登場,涙
69話はどれ？,アーロンパーク,アーロンパーク,あんたが珍獣,嵐前,真実
70話はどれ？,男ウソップ大冒険,幸せ,三刀流対六刀流,男ウソップ大冒険,鬼
71話はどれ？,万物の霊長,万物の霊長,偉大なる航路から来た怪物,百計のクロ,海軍大佐斧手のモーガン
72話はどれ？,分相応,soup,GONG,分相応,夢在るがゆえ
73話はどれ？,偉大なる航路から来た怪物,魔性の女,騎士道VS魚人空手,死なねェよ,偉大なる航路から来た怪物
74話はどれ？,仕事,仕事,サバガシラ1号,GONG,嵐前
75話はどれ？,海図と魚人,恩,誰が為に鐘が鳴る,海図と魚人,暗雲
76話はどれ？,ねる,クソジジイ,ねる,海賊王と大剣豪,やなこった
77話はどれ？,夢の一歩,夢の一歩,筋,ゾンビ,騎士道VS魚人空手
78話はどれ？,ベルメールさん,泥棒道,ベルメールさん,パールさん,町
79話はどれ？,生きる,東一番の悪,犬,生きる,ナミ登場
80話はどれ？,罪は罪,罪は罪,ヨサクとジョニー,ウソ800,ウソップ海賊団
81話はどれ？,涙,大凶,ウソ800,幸せ,涙
82話はどれ？,"OK,Let's STAND UP!","OK,Let's STAND UP!",海へ,偽れぬもの,招かれざる客
83話はどれ？,ルフィ IN BLACK,ルフィ IN BLACK,ねる,覚悟,"OK,Let's STAND UP!"
84話はどれ？,ゾンビ,ゾンビ,まわれ風車,何ができる,海へ
85話はどれ？,三刀流対六刀流,海賊狩りのゾロ登場,死んで,三刀流対六刀流,JUNGLE BLOOD
86話はどれ？,騎士道VS魚人空手,海賊団,騎士道VS魚人空手,敗走,ウソ800
87話はどれ？,終わったんだ!!,まわれ風車,覚悟,終わったんだ!!,大凶
88話はどれ？,死んで,死んで,東一番の悪,己々が路,DARTS
89話はどれ？,交代,ルフィ IN BLACK,その男麦わらのルフィ,交代,三日月
90話はどれ？,何ができる,キャプテン・ウソップ登場,アーロンパーク,涙,何ができる
91話はどれ？,何ができる,ねる,何ができる,ルフィ IN BLACK,万物の霊長
92話はどれ？,幸せ,終わったんだ!!,酒場の一件,GREAT!!!,幸せ
93話はどれ？,下へまいります,ルフィが死んだ,海図と魚人,恩,下へまいります
94話はどれ？,2人目,2人目,何ができる,宝物,敗走
95話はどれ？,まわれ風車,その航路、やめときな,万物の霊長,アーロンパーク,まわれ風車
96話はどれ？,東一番の悪,夢の一歩,三日月,男ウソップ大冒険,東一番の悪
97話はどれ？,三代鬼徹,仕事,三代鬼徹,罪は罪,パールさん
98話はどれ？,暗雲,ゾンビ,暗雲,大凶,2人目
99話はどれ？,ルフィが死んだ,真実,ルフィが死んだ,三日月,誰が為に鐘が鳴る
100話はどれ？,伝説は始まった,伝説は始まった,大戦槍,誓い,終わったんだ!!